filename,width,height
0001,2174,3541
0002,2174,3542
0003,3575,5818
0004,861,1396
0005,850,1357
0006,865,1381
0007,1155,1832
0008,1114,1762
0009,1125,1798
0010,1132,1802
0011,1789,2856
0012,1825,2832
0013,1720,2794
0014,1082,1766
0015,1064,1736
0016,1082,1766
0017,1638,2703
0018,1064,1754
0019,1654,2714
0021,1756,2850
0022,1792,2926
0023,1756,2850
0027,2423,3951
0028,1700,2778
0029,1732,2800
0030,1118,1805
0031,1767,2856
0032,1080,1739
0033,1842,2994
0034,1830,2988
0035,1970,3180
0036,1114,1802
0037,1993,3257
0038,3561,5793
0039,2520,4114
0040,1745,2845
0041,2701,4384
0042,2692,4376
0043,2684,4376
0044,2667,4360
0045,3534,5712
0046,3512,5700
0047,3512,5700
0048,2692,4384
0049,3172,5172
0050,1728,2834
0051,3524,5712
0052,1319,2152
0053,1976,3226
0054,2014,3289
0055,5400,8856
0056,2998,4894
0057,951,1529
0058,2052,3270
0059,929,1507
0060,2091,3372
0061,1988,3232
0062,1995,3238
0063,2002,3238
0064,913,1476
0065,1988,3238
0066,1988,3232
0067,792,1286
0068,3075,4943
0069,2020,3252
0070,954,1529
0071,933,1520
0072,2072,3360
0073,928,1512
0074,1982,3226
0075,2007,3245
0076,2078,3360
0077,2071,3277
0078,947,1492
0079,2032,3238
0080,2039,3252
0081,2032,3257
0082,2032,3245
0083,3376,5459
0084,3037,4913
0085,3600,5746
0086,957,1529
0087,3524,5712
0088,2007,3245
0089,3456,5668
0090,3456,5668
0091,3678,5800
0092,3646,5768
0093,3578,5746
0094,1953,3145
0095,3490,5678
0096,3490,5690
0097,3478,5678
0098,2034,3289
0099,3478,5678
0100,2966,4822
0101,3490,5678
0102,1940,3164
0103,3534,5712
0104,3512,5700
0105,1951,3166
0106,3568,5734
0107,2947,4811
0108,928,1512
0109,894,1446
0110,1728,2834
0111,1005,1636
0112,996,1633
0113,1043,1668
0114,1071,1722
0115,1033,1671
0116,1012,1642
0117,1014,1652
0118,1006,1627
0119,1004,1627
0120,991,1614
0121,1065,1698
0122,1026,1634
0123,1598,2604
0124,1610,2604
0125,1454,2590
0126,1708,2747
0127,1450,2498
0128,1454,2482
0129,1717,2747
0130,1442,2450
0131,1604,2604
0132,1390,2374
0133,1462,2482
0134,1370,2346
0135,1462,2490
0136,1422,2398
0137,1410,2370
0138,1422,2414
0139,1458,2490
0140,1462,2482
0141,1706,2747
0142,1450,2438
0143,1458,2498
0144,1418,2406
0145,1462,2474
0146,1458,2482
0147,1390,2382
0148,1398,2342
0149,1378,2370
0150,1386,2366
0151,1594,2604
0152,1470,2482
0153,1378,2374
0154,1446,2446
0155,1458,2494
0156,1462,2502
0157,1454,2394
0158,1701,2747
0159,1366,2390
0160,1414,2422
0161,1458,2462
0162,1378,2370
0163,1462,2494
0164,1462,2486
0165,1470,2206
0166,1390,2018
0167,1466,2498
0168,1462,2490
0169,1442,2486
0170,1454,2454
0171,1450,2498
0172,1454,2470
0173,1462,2498
0174,1374,2366
0175,1414,1810
0176,1474,2222
0177,1418,2422
0178,1450,2470
0179,1350,2330
0180,1470,2478
0181,1454,2498
0182,1374,2382
0183,1470,2346
0184,1470,2490
0185,1418,2438
0186,1462,2494
0187,1422,2450
0188,1418,2438
0189,1418,2446
0190,1454,1162
0191,1470,1842
0192,1470,2494
0193,1434,2559
0194,1386,2358
0195,1418,2446
0196,1466,2238
0197,1406,2114
0198,1450,2174
0199,1462,2274
0200,1406,2294
0201,1434,2498
0202,1438,2466
0203,1410,2178
0204,1458,2470
0205,1410,2513
0206,1458,2238
0207,1262,2010
0208,1266,2298
0209,1258,1746
0210,1722,2254
0211,1734,3030
0212,1738,2898
0213,1666,2966
0214,1730,3058
0215,1738,3148
0216,1634,2867
0217,1666,2458
0218,1618,2866
0219,1718,2946
0220,1722,2906
0221,1730,3032
0222,1666,2928
0223,1670,2874
0224,1750,2486
0225,2014,3289
0226,1634,2910
0227,1881,3086
0228,1881,3086
0229,1714,3114
0230,1726,3042
0231,1718,2926
0232,1622,2878
0233,1738,3066
0234,1646,2830
0235,1726,3150
0236,1374,2464
0237,1450,2571
0238,1706,2747
0239,1338,2202
0240,1896,3086
0241,1742,3132
0242,1642,2834
0243,1650,2834
0244,1730,3110
0245,1638,2866
0246,1634,2730
0247,1674,3010
0248,1738,3082
0249,1630,2934
0250,1638,2765
0251,2036,3289
0252,1678,2986
0253,1738,2704
0254,1650,2863
0255,1730,3038
0256,1730,2910
0257,2007,3289
0258,1738,3016
0259,1662,3010
0260,1642,2707
0261,1722,3034
0262,2051,3289
0263,2026,3289
0264,1634,2782
0265,1722,3082
0266,1742,3098
0267,1718,2970
0268,1722,3066
0269,1674,3010
0270,1994,3205
0271,1726,3110
0272,1734,2922
0273,1662,3002
0274,1722,2986
0275,1670,2960
0276,1634,2841
0277,1674,3021
0278,1646,2890
0279,1750,3060
0280,1746,3030
0281,1730,3094
0282,1734,3018
0283,1742,3058
0284,1734,2986
0285,2063,3289
0286,1730,3082
0287,1726,3022
0288,1718,2998
0289,1730,3027
0291,1622,2882
0292,1742,3014
0293,1682,3022
0294,1758,3060
0295,1710,3062
0296,1722,2990
0297,2022,3289
0298,1650,2974
0299,1718,3102
0300,1722,3026
0301,1686,3026
0302,1678,2670
0303,1670,3006
0304,1742,3030
0305,1726,2986
0306,1738,3114
0307,1662,2938
0308,1666,2950
0309,1734,2778
0310,1734,2662
0311,1658,2970
0312,1742,3110
0313,1734,3072
0314,2014,3289
0315,1654,2974
0316,1920,3086
0317,1722,2990
0318,1726,3099
0319,1710,3038
0320,1927,3086
0321,1670,2974
0322,1890,3086
0323,1726,3122
0324,1901,3086
0325,1630,2878
0326,1892,3086
0327,1786,3214
0328,1911,3086
0329,1682,3038
0330,1892,3086
0331,1722,3102
0332,1794,3198
0333,996,1633
0334,999,1633
0335,1767,2856
0336,1610,2604
0337,1005,1639
0338,1006,1633
0339,1002,1630
0340,1598,2604
0341,1394,2346
0342,1587,2604
0343,1418,2541
0345,995,1609
0346,1454,2539
0347,1701,2747
0348,995,1609
0349,1378,2470
0350,1466,2502
0351,1406,2426
0352,1442,2478
0353,1551,2525
0354,996,1633
0355,1644,2659
0356,1458,2513
0357,1706,2747
0359,1632,2659
0360,1609,2604
0361,1470,1507
0362,1587,2604
0363,1410,2530
0364,1450,2527
0365,1701,2747
0366,1610,2604
0367,1414,2534
0368,1386,2434
0369,1406,2438
0370,1462,2502
0371,1418,2506
0372,1390,2502
0373,1686,2747
0374,1589,2604
0375,1406,2402
0376,1462,2350
0377,1438,2365
0378,1726,2747
0379,1470,2494
0380,1378,2130
0381,1406,2365
0382,1446,2559
0383,1446,2470
0384,1458,2502
0385,1422,1377
0386,1709,2747
0387,1462,2530
0388,1390,2434
0389,1382,2530
0390,1698,2747
0391,1406,2370
0392,1414,2414
0393,1406,2494
0394,1398,2442
0395,1418,2418
0396,1454,2558
0397,1398,2485
0398,1446,2466
0399,1430,2498
0400,1474,2417
0401,1740,2747
0402,1719,2747
0403,1422,1826
0404,1701,2747
0405,1647,2659
0406,1724,2747
0407,1410,2549
0408,1631,2659
0409,1639,2659
0410,521,847
0411,1647,2659
0412,523,845
0413,1639,2659
0414,1639,2659
0415,1017,1631
0416,1709,2747
0417,1719,2747
0418,1712,2747
0419,4042,6412
0420,1728,2747
0421,1702,2747
0422,1695,2747
0423,1740,2747
0424,537,854
0425,1712,2747
0427,1685,2659
0428,1422,2502
0429,1564,2525
0430,516,840
0431,1707,2747
0432,1717,2747
0433,1382,2442
0434,1732,2747
0435,1687,2659
0436,1430,2514
0437,1685,2747
0438,1605,2604
0439,1742,2747
0440,1726,2747
0441,1426,2093
0442,1712,2747
0443,1358,2482
0444,1634,2604
0445,1655,2659
0446,1704,2747
0447,1679,2659
0448,1374,2142
0449,1556,2525
0450,1702,2747
0451,1707,2747
0452,3015,4885
0453,1458,2374
0454,1410,2459
0455,1406,2543
0456,1693,2747
0457,1442,2594
0458,1382,2354
0459,1402,2442
0460,1370,2382
0461,1378,2486
0462,1691,2747
0463,1631,2659
0464,1612,2604
0465,1426,2490
0466,1701,2747
0467,1414,2450
0468,1382,2426
0469,1394,2507
0470,1454,2482
0471,1430,2482
0472,1386,2374
0473,1354,2318
0474,1458,2466
0475,1418,2414
0476,1474,2450
0477,1406,2418
0478,1386,2370
0479,1354,2262
0480,1386,2470
0481,1414,2398
0482,1724,2747
0483,1450,2558
0484,1398,1890
0485,1402,2502
0486,1704,2747
0487,1712,2747
0488,1702,2747
0489,1406,2511
0490,1462,2478
0491,1414,2442
0492,1398,2398
0493,1414,2182
0494,1687,2747
0495,1414,2458
0496,1394,2222
0497,1454,2450
0498,1446,2434
0499,1414,2559
0500,1454,2478
0501,1470,2602
0502,1394,2370
0503,1422,2450
0504,1390,2382
0505,1422,2450
0506,1422,2418
0507,1418,2470
0508,1622,2604
0509,1446,2490
0510,1458,2486
0511,1450,2478
0512,1458,2474
0513,1386,2374
0514,1422,2430
0515,1422,2434
0516,1386,2298
0517,1458,2598
0518,1637,2659
0519,1402,2526
0520,1402,2557
0521,1458,2558
0522,1414,2410
0523,1466,2474
0524,1394,2418
0525,1637,2659
0526,1410,2502
0527,1418,2569
0528,1390,2282
0529,1386,2410
0530,1446,2554
0531,1442,2659
0532,520,840
0533,1450,2609
0534,1414,2525
0535,1418,2422
0536,1390,2374
0537,1422,2482
0538,1410,2563
0539,1410,2406
0540,1466,2474
0541,1394,2382
0542,1366,2386
0543,1655,2659
0544,1442,2553
0545,1615,2604
0546,1607,2604
0547,1422,2438
0548,1701,2747
0549,1702,2747
0550,1422,2406
0551,1410,2418
0552,1612,2604
0553,1712,2747
0554,1712,2747
0555,1382,2454
0556,1390,2390
0557,1603,2604
0558,1613,2604
0559,1466,2502
0560,1382,2374
0561,1470,2550
0562,1462,2498
0563,1647,2659
0564,1382,2390
0565,1454,2474
0566,1462,2462
0567,1414,2591
0568,1612,2604
0569,1350,2314
0570,1394,2102
0571,1631,2659
0572,1466,2410
0573,1639,2659
0574,1422,2510
0575,1394,2434
0576,1366,2066
0577,1438,2362
0578,1462,2550
0579,1422,2497
0580,1394,2370
0581,1386,2422
0582,1613,2604
0583,1631,2659
0584,1402,2398
0585,1414,2174
0586,1462,2659
0587,1687,2747
0588,1394,2466
0589,1386,2366
0590,1615,2604
0591,1470,2438
0592,1693,2747
0593,1693,2747
0594,1426,2410
0595,1458,2494
0596,1382,2298
0597,1422,2442
0598,1386,2382
0599,1707,2747
0600,1032,1665
0601,1442,2566
0602,1458,2490
0603,1426,2450
0604,1607,2604
0605,1613,2604
0606,1458,2474
0607,1712,2747
0608,1717,2747
0609,1414,2414
0610,1398,2374
0611,1462,2506
0612,1390,2386
0613,1418,2458
0614,1382,2198
0615,1406,2506
0616,1639,2659
0617,1426,2394
0618,1394,2438
0619,1454,2538
0620,1458,2558
0621,1394,2434
0622,1613,2604
0623,1426,2503
0624,1426,2430
0625,1458,2466
0626,1390,2184
0627,1418,2426
0628,1597,2604
0629,1655,2659
0630,1462,2575
0631,1422,2394
0632,1426,2426
0633,1418,2430
0634,1466,2502
0635,1418,2450
0636,1354,2418
0637,1450,2587
0638,1067,1693
0639,1049,1683
0640,1426,2577
0641,1466,2465
0642,1712,2747
0643,1685,2747
0644,1402,2366
0645,1478,2490
0646,1484,2322
0647,1426,2569
0648,1390,2482
0649,1704,2747
0650,1613,2604
0651,1043,1665
0652,1390,2418
0653,1394,2362
0654,1398,2454
0655,1712,2747
0656,1386,2362
0657,1358,2318
0658,1470,2434
0659,1426,2426
0660,1398,2390
0661,1402,2398
0662,1394,2386
0663,1470,2518
0664,1386,2294
0665,1637,2659
0666,1021,1664
0667,1442,2530
0668,1458,2574
0669,1612,2604
0670,1394,2382
0671,1410,2410
0672,1707,2747
0673,1422,2430
0674,1394,2378
0675,1707,2747
0676,1450,2539
0677,1342,2338
0678,1390,2526
0679,1410,2434
0680,1334,2318
0681,1406,2426
0682,1362,2382
0683,1414,2471
0684,1466,2590
0685,1631,2659
0686,1398,2318
0687,1462,2651
0688,1032,1672
0689,1027,1638
0690,1378,2410
0691,1605,2604
0692,1358,2322
0693,1438,2478
0694,1378,2362
0695,1414,2442
0696,1466,2414
0697,1719,2747
0698,1620,2604
0699,1458,2586
0700,1394,2374
0701,1454,2482
0702,1386,2354
0703,1406,2438
0704,1446,2374
0705,1712,2747
0706,1454,2446
0708,1390,2386
0709,1442,2517
0710,1752,2747
0711,1458,2549
0712,1394,2394
0713,1637,2659
0714,1631,2659
0715,1414,2466
0716,1466,2506
0717,1426,2438
0718,1426,2494
0719,1422,2503
0720,1466,2426
0721,1462,2494
0722,1720,2747
0723,1398,2482
0724,1709,2747
0725,1061,1713
0726,1418,2486
0727,1641,2659
0728,1414,2577
0729,931,1503
0730,1422,2479
0731,1410,2422
0732,1707,2747
0733,1698,2747
0734,1698,2747
0735,1426,2477
0736,1402,2394
0737,1418,2406
0738,1430,2390
0739,1418,2450
0740,1426,2426
0741,1374,2374
0742,1370,2374
0743,1693,2747
0744,1144,1854
0745,926,1501
0746,945,1533
0747,945,1517
0748,1390,2476
0749,1418,2406
0750,1697,2688
0751,1422,2286
0752,1603,2604
0753,1394,2528
0754,1600,2604
0755,1506,1774
0756,1665,2688
0757,1426,2542
0758,949,1532
0759,949,1538
0760,1402,2458
0761,1382,1526
0762,1610,2604
0763,1458,2569
0764,949,1525
0765,1382,2454
0766,1418,2138
0767,949,1527
0768,949,1533
0769,935,1509
0770,1430,2442
0771,1027,1658
0772,1656,2688
0773,2188,3549
0774,1382,2426
0775,1374,2402
0776,1434,2558
0777,1382,2330
0778,1422,2470
0779,1378,2398
0780,1378,2378
0781,1382,2390
0782,1610,2604
0783,1378,2330
0784,1406,2430
0785,1639,2659
0786,1438,2494
0787,1370,2114
0788,1634,2604
0789,1434,2538
0790,1398,2394
0791,1386,2390
0792,1680,2688
0793,1342,2330
0794,1370,2418
0795,1378,2436
0796,1394,2402
0797,1442,2526
0798,1603,2604
0799,1612,2604
0800,1422,2494
0801,1382,2454
0802,1639,2659
0803,1390,2614
0804,1422,2434
0805,1628,2604
0806,1085,1725
0807,1338,2416
0808,1600,2604
0809,1462,2634
0810,1418,2366
0811,1717,2747
0812,1612,2604
0813,1422,2520
0814,1422,2470
0815,1390,2382
0816,945,1531
0817,1612,2604
0818,1613,2604
0819,1418,2302
0820,1680,2688
0821,1426,2470
0822,1701,2747
0823,1422,2506
0824,945,1531
0825,1406,2458
0826,1410,2430
0827,1662,2659
0828,1620,2604
0829,1683,2688
0830,1378,2086
0831,1124,1817
0832,3958,6420
0833,1900,3055
0834,1607,2604
0835,1406,2502
0836,1398,2478
0837,1620,2604
0838,1664,2688
0839,1418,2482
0840,1418,2458
0841,1426,2462
0842,1430,2454
0843,1378,2386
0844,1680,2688
0845,2044,3289
0846,1613,2604
0847,1422,2608
0848,1426,2438
0849,1418,2410
0850,1434,2370
0851,1607,2604
0852,1683,2688
0853,1612,2604
0854,1378,2490
0855,1607,2604
0856,1450,2410
0857,1422,2462
0858,1651,2688
0859,1597,2604
0860,1394,2462
0861,1613,2604
0862,1474,2583
0863,2878,4637
0864,1386,2366
0865,1636,2604
0866,1900,3026
0867,959,1534
0868,1410,2426
0869,1346,2346
0870,964,1532
0871,1346,2456
0872,1418,2418
0873,1354,2302
0874,1709,2747
0875,949,1535
0876,940,1532
0877,935,1516
0878,949,1532
0879,926,1508
0880,931,1505
0881,1130,1816
0882,1458,2574
0883,1410,2503
0884,1382,2330
0885,1418,2414
0886,1430,2426
0887,1691,2747
0888,1628,2604
0889,1426,2434
0890,1474,2506
0891,1422,2498
0892,1386,2450
0893,1414,2522
0894,926,1508
0895,1454,2621
0896,2030,3289
0897,935,1518
0898,1724,2747
0899,1366,2478
0900,1422,2498
0901,1414,2410
0902,1422,2438
0903,1474,2482
0904,1426,2450
0905,1458,2502
0907,1410,2430
0908,1618,2604
0909,1410,2535
0910,1701,2747
0911,1418,2598
0912,1426,2530
0913,1390,2490
0914,1422,2462
0915,1715,2747
0916,1707,2747
0917,1466,2579
0918,1434,2422
0919,1378,2402
0920,1630,2604
0921,1605,2604
0922,1426,2576
0923,1701,2747
0924,1394,2382
0925,1418,2454
0926,1442,2474
0927,1410,2479
0928,1414,2507
0929,1442,2578
0930,1111,1758
0931,1067,1733
0932,1144,1854
0933,1079,1748
0934,1607,2604
0935,1450,2570
0936,979,1564
0937,964,1534
0938,959,1532
0939,959,1528
0940,1386,2430
0941,1418,2434
0942,1398,2470
0943,1430,2406
0944,1378,2414
0945,1636,2604
0946,959,1532
0947,940,1503
0948,954,1531
0949,1117,1810
0950,1378,2486
0951,1414,2552
0952,949,1533
0953,3958,6450
0954,1390,2492
0955,1410,1030
0956,1900,3078
0957,1426,2542
0958,1430,2534
0959,1646,2659
0960,1446,2623
0961,1639,2659
0962,2174,3542
0963,1628,2604
0964,1462,2462
0965,1390,2386
0966,1398,2444
0967,1386,2370
0968,1726,2747
0969,1414,2502
0970,1390,2458
0971,1685,2747
0972,1398,2382
0973,1010,1637
0974,1612,2604
0975,1613,2604
0976,1390,2478
0977,1402,2440
0978,1386,2382
0979,1422,2434
0980,1603,2604
0981,1378,2366
0982,1454,2490
0983,1021,1631
0984,1382,2350
0985,1458,2478
0986,1378,2426
0987,1462,2490
0988,1406,2374
0989,1390,2382
0990,1622,2604
0991,1618,2604
0992,1394,2370
0993,1628,2604
0994,1394,2414
0995,1398,2438
0996,1597,2604
0997,1406,2418
0998,1636,2604
0999,1390,2394
1000,1620,2604
1001,1620,2604
1002,1620,2604
1003,1462,2498
1004,1394,2382
1005,1442,2578
1006,1386,2410
1007,1398,2334
1008,1605,2604
1009,1422,2442
1010,1390,2354
1011,1709,2747
1012,1620,2604
1013,1358,2382
1014,1390,2438
1015,1494,2769
1016,1394,2410
1017,1426,2434
1018,1390,2394
1019,1450,2218
1020,1687,2688
1021,1613,2604
1022,1622,2604
1023,1382,2490
1024,1446,2534
1025,1442,2526
1026,1900,3061
1027,1458,2490
1028,1410,2410
1029,1410,2390
1030,1382,2426
1031,1462,2462
1032,1717,2747
1033,1702,2747
1034,1390,2438
1035,1462,2594
1036,1386,2382
1037,1346,2362
1038,1374,2358
1039,1631,2659
1040,1402,2386
1041,1394,2022
1042,1386,2448
1043,1470,2474
1044,1406,2386
1045,1402,2438
1046,1637,2659
1047,1707,2747
1048,1693,2747
1049,1410,1870
1050,1610,2604
1051,1414,2490
1052,1410,2422
1053,1704,2747
1054,1458,2458
1055,1418,2406
1056,1346,2362
1057,1631,2659
1058,510,828
1059,1701,2747
1060,1900,3068
1061,1359,2401
1062,1701,2747
1063,1338,2414
1064,1354,2338
1065,1647,2659
1066,1613,2604
1067,1426,2406
1068,1390,2378
1069,1470,2458
1070,1482,2529
1071,1346,2350
1072,1398,2378
1073,1374,2386
1074,1386,2358
1075,1422,2418
1076,1390,2366
1077,1458,2514
1078,1717,2747
1079,1603,2604
1080,1605,2604
1081,1662,2659
1082,1628,2604
1083,1687,2747
1084,1554,2525
1085,1714,2747
1086,1712,2747
1087,1707,2747
1088,1620,2604
1089,1709,2747
1090,1618,2604
1091,1712,2747
1092,1018,1627
1093,1607,2604
1094,1603,2604
1095,1709,2747
1096,1702,2747
1097,1620,2604
1098,1603,2604
1099,1702,2747
1100,1615,2604
1101,1702,2747
1102,1607,2604
1103,1637,2659
1104,1603,2604
1105,1693,2747
1106,1605,2604
1107,1724,2747
1108,1620,2604
1109,1607,2604
1110,1597,2604
1111,1615,2604
1112,1609,2604
1113,1653,2659
1114,1695,2747
1115,1605,2604
1116,1603,2604
1117,1693,2747
1118,1702,2747
1119,1655,2659
1120,1612,2604
1121,1620,2604
1122,1612,2604
1123,1719,2747
1124,1622,2604
1125,1732,2747
1126,1724,2747
1127,1726,2747
1128,1625,2604
1129,1712,2747
1130,1613,2604
1131,1695,2747
1132,1613,2604
1133,1612,2604
1134,1702,2747
1135,1646,2659
1136,1618,2604
1137,1644,2659
1138,1637,2659
1139,1639,2659
1140,1603,2604
1141,1717,2747
1142,1709,2747
1143,1631,2659
1144,1600,2604
1145,1695,2747
1146,1603,2604
1147,1637,2659
1148,1607,2604
1149,1707,2747
1150,1695,2747
1151,1639,2659
1152,1605,2604
1153,1701,2747
1154,1612,2604
1155,1613,2604
1156,1620,2604
1157,1605,2604
1158,1607,2604
1159,1687,2747
1160,1605,2604
1161,1646,2659
1162,1695,2747
1163,1618,2604
1164,1618,2604
1165,1709,2747
1166,1709,2747
1167,1622,2604
1168,1628,2604
1169,1702,2747
1170,1620,2604
1171,1637,2659
1172,1613,2604
1173,1600,2604
1174,1613,2604
1175,1631,2659
1176,1605,2604
1177,1709,2747
1178,1612,2604
1179,1603,2604
1180,1603,2604
1181,1612,2604
1182,1600,2604
1183,1613,2604
1184,1603,2604
1185,1612,2604
1186,1605,2604
1187,1717,2747
1188,1631,2604
1189,1605,2604
1190,1600,2604
1191,1612,2604
1192,1618,2604
1193,1712,2747
1194,1620,2604
1195,1724,2747
1196,1634,2604
1197,1607,2604
1198,1698,2747
1199,1605,2604
1200,1610,2604
1201,1631,2659
1202,1597,2604
1203,1701,2747
1204,1618,2604
1205,1612,2604
1206,1618,2604
1207,1605,2604
1208,1605,2604
1209,1622,2604
1210,1634,2604
1211,1636,2604
1212,1636,2604
1213,1636,2604
1214,1642,2604
1215,1719,2747
1216,1628,2604
1217,1709,2747
1218,1693,2747
1219,1719,2747
1220,1634,2604
1221,1719,2747
1222,1707,2747
1223,1712,2747
1224,1717,2747
1225,1693,2747
1226,1691,2747
1227,1639,2659
1228,1695,2747
1229,1637,2659
1230,1693,2747
1231,1717,2747
1232,1709,2747
1233,1702,2747
1234,1702,2747
1235,1695,2747
1236,1554,2525
1237,1693,2747
1238,1647,2659
1239,1639,2659
1240,1607,2604
1241,1712,2747
1242,1702,2747
1244,1007,1631
1245,1631,2659
1246,1644,2659
1247,1717,2747
1248,1724,2747
1249,1693,2747
1250,1702,2747
1251,1641,2659
1252,1609,2604
1253,1637,2659
1254,1631,2659
1255,1717,2747
1256,1719,2747
1257,1697,2747
1258,1612,2604
1259,1702,2747
1260,1607,2604
1261,1697,2747
1262,1697,2747
1263,1720,2747
1264,1630,2604
1265,1618,2604
1266,1607,2604
1267,1669,2659
1268,1147,1852
1269,1012,1631
1270,1707,2747
1271,1732,2747
1272,1731,2747
1273,1695,2747
1274,1709,2747
1275,1655,2659
1276,1704,2747
1277,1709,2747
1278,1618,2604
1279,1709,2747
1280,1613,2604
1281,1634,2659
1282,1597,2604
1283,1613,2604
1284,1702,2747
1285,1697,2747
1286,1607,2604
1287,1724,2747
1288,1712,2747
1289,1698,2747
1290,1613,2604
1291,1628,2604
1292,1626,2604
1293,1707,2747
1294,1612,2604
1295,1709,2747
1296,1612,2604
1297,1695,2747
1298,1620,2604
1299,1613,2604
1300,1634,2604
1301,1597,2604
1302,1603,2604
1303,1600,2604
1304,1597,2604
1305,1693,2747
1306,1597,2604
1307,1644,2659
1308,1605,2604
1309,1631,2659
1310,1597,2604
1311,1612,2604
1312,1605,2604
1313,1740,2747
1314,1636,2604
1315,1622,2604
1316,1689,2688
1317,1728,2747
1318,1682,2688
1319,1709,2747
1320,1613,2604
1321,1701,2747
1322,1618,2604
1323,1609,2604
1324,1612,2604
1325,1765,2840
1326,1612,2604
1327,1613,2604
1328,1613,2604
1329,1720,2747
1330,1615,2604
1331,1724,2747
1332,1728,2747
1333,1719,2747
1334,1628,2604
1335,1622,2604
1336,1626,2604
1337,1704,2747
1338,1613,2604
1339,1637,2659
1340,1618,2604
1341,1704,2747
1342,1620,2604
1343,1628,2604
1344,1712,2747
1345,1728,2747
1346,1719,2747
1347,1709,2747
1348,1615,2604
1349,1620,2604
1350,1704,2747
1351,1646,2659
1352,1612,2604
1353,1605,2604
1354,1693,2747
1355,1631,2659
1356,1603,2604
1357,1724,2747
1358,1719,2747
1359,1639,2659
1360,1605,2604
1361,1626,2604
1362,1658,2659
1363,1664,2659
1364,1623,2604
1365,1623,2604
1366,1658,2659
1367,1667,2659
1368,1630,2604
1369,1736,2747
1370,1729,2747
1371,1740,2747
1372,1656,2604
1373,1713,2747
1374,1729,2747
1375,1664,2659
1376,1623,2604
1377,1781,2747
1378,1688,2604
1379,1738,2747
1380,1650,2604
1381,1747,2747
1382,1749,2747
1383,1659,2604
1384,1746,2747
1385,1736,2747
1386,1661,2604
1387,1667,2659
1388,1637,2604
1389,1645,2604
1390,1732,2747
1391,1660,2659
1392,1634,2604
1393,1747,2747
1394,1655,2604
1395,1746,2747
1396,1650,2604
1397,1752,2747
1398,1656,2604
1399,1630,2604
1400,1618,2604
1401,1715,2747
1402,1645,2604
1403,1664,2659
1404,1626,2604
1405,1667,2659
1406,1627,2604
1407,1623,2604
1408,1713,2747
1409,1640,2604
1410,1645,2604
1411,1626,2604
1412,1639,2604
1413,1626,2604
1414,1623,2604
1415,1650,2604
1416,1647,2604
1417,1632,2604
1418,1637,2604
1419,1721,2747
1420,1632,2604
1421,1729,2747
1422,1647,2604
1423,1729,2747
1424,1634,2604
1425,1734,2747
1426,1640,2604
1427,1734,2747
1428,1640,2604
1429,1757,2747
1430,1754,2747
1431,1736,2747
1432,1650,2604
1433,1642,2604
1434,1640,2604
1435,1729,2747
1436,1653,2604
1437,1647,2604
1438,1650,2604
1439,1623,2604
1440,1630,2604
1441,1655,2604
1442,1746,2747
1443,1660,2659
1444,1632,2604
1445,1760,2747
1446,1754,2747
1447,1752,2747
1448,1740,2747
1449,1754,2747
1450,1746,2747
1451,1704,2659
1452,1661,2604
1453,1769,2747
1454,1749,2747
1455,1736,2747
1456,1650,2604
1457,1730,2747
1458,1640,2604
1459,1669,2659
1460,1626,2604
1461,1729,2747
1462,1730,2747
1463,1716,2747
1464,1729,2747
1465,1736,2747
1466,1640,2604
1467,1746,2747
1468,1626,2604
1469,1746,2747
1470,1738,2747
1471,1724,2747
1472,1743,2747
1473,1743,2747
1474,1040,1635
1475,1667,2659
1476,1740,2747
1477,1706,2659
1478,1747,2747
1479,1760,2747
1480,1754,2747
1481,1732,2747
1482,1736,2747
1483,1747,2747
1484,1057,1662
1485,1640,2604
1486,1736,2747
1487,1740,2747
1488,1670,2604
1489,1736,2747
1490,1736,2747
1491,1762,2747
1492,1650,2604
1493,1574,2525
1494,1664,2659
1495,1729,2747
1496,1647,2604
1497,1582,2525
1498,1069,1691
1499,1069,1690
1500,1034,1636
1501,1029,1634
1502,1029,1634
1503,1133,1812
1504,1632,2604
1505,1668,2604
1506,1670,2604
1507,1752,2747
1508,1725,2688
1509,1653,2604
1510,1647,2604
1511,1779,2747
1512,1081,1666
1513,1806,2840
1514,1760,2747
1515,1738,2747
1516,1647,2604
1517,1640,2604
1518,1653,2604
1519,1746,2747
1520,1653,2604
1521,1724,2747
1522,1634,2604
1523,1749,2747
1524,1647,2604
1525,1637,2604
1526,1634,2604
1528,1634,2604
1529,1034,1636
1530,1640,2604
1531,1063,1688
1532,1640,2604
1533,1634,2604
1534,1639,2604
1535,1630,2604
1536,1900,3026
1537,1631,2603
1538,1652,2603
1539,1630,2604
1540,1653,2604
1541,1632,2604
1543,1634,2604
1544,1647,2604
1545,1653,2604
1546,1642,2604
1547,1737,2746
1548,1647,2604
1549,1632,2604
1550,1632,2604
1551,1057,1684
1552,1727,2747
1553,1716,2747
1554,1630,2604
1555,1730,2747
1556,1632,2604
1557,1623,2604
1558,1632,2604
1559,1626,2604
1561,1626,2604
1562,1618,2604
1563,1647,2604
1564,1706,2688
1565,1653,2604
1566,1653,2604
1567,1738,2747
1568,1655,2604
1569,1762,2747
1570,1677,2604
1571,1736,2747
1572,1661,2604
1573,1646,2603
1574,1656,2604
1575,1762,2747
1576,1655,2604
1577,1040,1636
1578,1069,1682
1579,1747,2747
1580,1670,2604
1581,1642,2604
1582,1650,2604
1583,1757,2747
1584,1717,2688
1585,1738,2747
1586,1663,2604
1587,1665,2604
1588,1746,2747
1589,1752,2747
1590,1739,2746
1591,1737,2746
1592,1655,2604
1593,1658,2659
1594,1023,1639
1595,1046,1637
1596,1646,2603
1597,1639,2604
1598,1631,2603
1599,1745,2746
1600,1650,2604
1601,1063,1682
1602,1069,1691
1603,1063,1694
1604,1738,2747
1605,1746,2747
1606,1738,2747
1607,1736,2747
1608,1734,2747
1609,1754,2747
1610,1771,2747
1611,1674,2659
1612,1634,2604
1613,1630,2604
1614,1626,2604
1615,1576,2525
1616,1625,2603
1617,1636,2603
1618,1729,2747
1619,1720,2746
1620,1734,2747
1621,1579,2525
1622,1630,2604
1623,1721,2747
1624,1623,2604
1625,1622,2603
1626,1630,2604
1627,1729,2746
1628,1645,2604
1629,1734,2747
1630,1029,1634
1631,1584,2525
1632,1622,2603
1633,1761,2746
1634,1771,2747
1635,3518,5642
1636,1023,1632
1637,1754,2747
1638,1656,2604
1639,1751,2746
1640,1746,2747
1641,1738,2747
1642,1740,2747
1643,1667,2659
1645,1626,2604
1646,1730,2747
1647,1659,2658
1648,1578,2524
1649,1747,2747
1650,1674,2659
1651,1738,2747
1652,1653,2604
1653,1727,2747
1654,1069,1684
1655,1643,2604
1656,1640,2604
1657,1656,2604
1658,1670,2604
1659,1721,2747
1660,1656,2604
1661,1736,2747
1662,1643,2604
1663,1645,2604
1664,1675,2659
1665,1645,2604
1666,1640,2604
1667,1075,1694
1668,1647,2604
1669,1462,2478
1670,1730,2747
1671,1746,2747
1672,1655,2603
1673,1750,2747
1674,1650,2604
1675,1739,2746
1676,1655,2604
1677,1023,1633
1678,1632,2604
1679,1029,1634
1680,1640,2604
1681,1703,2688
1682,1634,2604
1683,1051,1660
1684,1029,1633
1685,1640,2604
1686,1637,2604
1687,1643,2604
1688,1698,2688
1689,1634,2604
1690,1632,2604
1691,1730,2747
1692,1647,2604
1693,1626,2604
1694,1630,2604
1695,1647,2604
1696,1647,2604
1697,1639,2604
1698,1639,2604
1699,1736,2747
1700,1640,2604
1701,1576,2525
1702,1051,1691
1703,1713,2747
1704,1023,1633
1705,1038,1635
1706,1743,2747
1707,1673,2631
1708,1655,2604
1709,1667,2659
1710,1721,2747
1711,1680,2659
1712,1740,2747
1713,1715,2746
1714,1727,2747
1715,1669,2659
1716,1645,2604
1717,1721,2747
1718,1631,2603
1719,1730,2747
1720,1632,2604
1721,1640,2604
1722,1642,2604
1723,1729,2747
1724,1634,2604
1725,1652,2603
1726,1639,2604
1727,1747,2747
1728,1711,2688
1729,1630,2604
1730,1640,2604
1731,1632,2604
1732,1698,2688
1733,1631,2603
1734,1721,2747
1735,1719,2747
1736,1626,2604
1737,1640,2604
1738,1719,2747
1739,1736,2747
1740,1639,2604
1741,1719,2688
1742,1656,2604
1743,1771,2747
1744,1724,2688
1745,1639,2604
1746,1639,2604
1747,1642,2603
1748,1645,2604
1749,1645,2604
1750,1643,2604
1751,1743,2747
1752,1650,2604
1753,1623,2604
1754,1719,2747
1755,1746,2747
1756,1656,2604
1757,1655,2604
1758,1650,2604
1759,1655,2604
1760,1647,2604
1761,1713,2747
1762,1640,2604
1763,1659,2658
1764,1639,2604
1765,1729,2747
1766,1632,2604
1767,1724,2747
1768,1724,2747
1770,1632,2604
1771,1738,2747
1772,1576,2525
1773,1658,2659
1774,1632,2604
1775,1738,2747
1776,1040,1638
1777,1023,1639
1778,1632,2604
1779,1715,2747
1780,1660,2659
1781,1657,2658
1782,1622,2603
1783,1715,2747
1784,1724,2747
1785,1730,2747
1786,1650,2604
1787,1736,2747
1788,1640,2604
1789,1034,1636
1790,1729,2747
1791,1069,1691
1792,1040,1631
1793,1637,2604
1794,1645,2604
1795,1029,1633
1796,1634,2604
1797,1623,2604
1798,1626,2604
1799,1647,2604
1800,1640,2604
1801,1643,2604
1802,1721,2747
1803,1637,2604
1804,1637,2604
1805,1730,2747
1806,1730,2747
1807,1623,2604
1808,1630,2604
1809,1736,2747
1810,1645,2604
1811,1630,2604
1812,1639,2604
1813,1738,2747
1814,1655,2604
1815,1626,2604
1816,1069,1697
1817,1627,2604
1818,1639,2604
1819,1623,2604
1820,1625,2603
1821,1647,2604
1822,1655,2604
1823,1029,1634
1824,1637,2604
1825,1746,2747
1826,1747,2747
1827,1747,2747
1828,1752,2747
1829,1720,2746
1830,1643,2604
1831,1696,2659
1832,1647,2604
1833,1729,2747
1834,1740,2747
1835,1740,2747
1836,1653,2604
1837,1743,2747
1838,1647,2604
1839,1040,1653
1840,1637,2604
1841,1634,2604
1842,1632,2604
1843,1724,2747
1844,1727,2747
1845,1729,2746
1846,1034,1636
1847,1721,2747
1848,1730,2747
1849,1023,1637
1850,1645,2604
1851,1057,1684
1852,1645,2604
1853,1576,2525
1854,1023,1632
1855,1069,1690
1856,1736,2747
1857,1740,2747
1858,1729,2747
1859,1729,2747
1860,1640,2604
1861,1721,2747
1862,1640,2604
1863,1574,2525
1864,1625,2603
1865,1647,2604
1866,1034,1634
1867,1069,1691
1868,1655,2604
1869,1743,2747
1870,1647,2604
1871,1721,2747
1872,1697,2687
1873,1738,2747
1874,1729,2746
1875,1640,2604
1876,1637,2604
1877,1724,2747
1878,1632,2604
1879,1661,2604
1880,1655,2604
1881,1746,2747
1882,1650,2604
1883,1746,2747
1884,1647,2604
1885,1626,2604
1886,1625,2603
1887,1729,2747
1888,1029,1634
1889,1632,2604
1890,1580,2525
1891,1029,1634
1892,1639,2604
1893,1632,2604
1894,1721,2747
1895,1715,2746
1896,1632,2604
1897,1729,2746
1898,1639,2604
1899,1682,2659
1900,1644,2603
1901,1618,2604
1902,1626,2604
1903,1746,2747
1904,1740,2747
1905,1713,2747
1906,1639,2604
1907,1716,2747
1908,1645,2604
1910,1629,2604
1911,1738,2747
1912,1656,2604
1913,1653,2604
1914,1632,2604
1915,1738,2747
1916,1645,2604
1917,1642,2603
1918,1724,2747
1919,1724,2747
1920,1632,2604
1921,1680,2659
1922,1640,2604
1923,1743,2747
1924,1680,2659
1925,1715,2747
1926,1719,2747
1927,1746,2747
1929,1721,2747
1930,1634,2604
1931,1681,2658
1932,1634,2604
1933,1680,2659
1934,1655,2604
1935,1746,2747
1936,1746,2747
1937,1674,2659
1938,1639,2604
1939,1645,2604
1940,1729,2747
1941,1727,2747
1942,1623,2604
1943,1574,2525
1944,1626,2604
1945,1752,2747
1946,1647,2604
1947,1740,2747
1948,1730,2747
1949,1674,2659
1950,1653,2604
1951,1626,2604
1952,1729,2747
1953,1630,2604
1954,1627,2604
1955,1674,2659
1956,1645,2604
1957,1644,2603
1958,1640,2604
1959,1729,2747
1960,1640,2604
1961,1632,2604
1962,1580,2525
1963,1736,2747
1964,1645,2604
1965,1046,1644
1966,1647,2604
1967,1730,2747
1968,1645,2604
1969,1719,2747
1970,1632,2604
1971,1582,2525
1972,1636,2603
1973,1623,2604
1974,1626,2604
1975,1658,2659
1976,1626,2604
1977,1632,2604
1978,1675,2659
1979,1040,1656
1980,1057,1684
1981,996,1603
1982,1001,1606
1983,1046,1669
1984,1001,1604
1985,1029,1633
1986,1069,1690
1987,1046,1659
1988,1721,2747
1989,1690,2659
1990,1746,2747
1991,1040,1660
1992,1640,2604
1993,1623,2604
1994,1664,2659
1995,1743,2747
1996,1627,2604
1997,1626,2604
1998,1626,2604
1999,1018,1630
2000,1629,2604
2001,1639,2604
2002,1639,2604
2003,1738,2747
2004,1638,2603
2005,1634,2604
2006,1639,2604
2007,1736,2747
2008,1051,1663
2009,1719,2747
2010,1667,2659
2011,1719,2747
2012,1161,1843
2013,1630,2604
2014,1712,2746
2015,1682,2659
2016,1647,2604
2017,1574,2525
2018,1734,2747
2019,1636,2623
2020,1623,2604
2021,1634,2604
2022,1719,2747
2023,1034,1634
2024,1057,1672
2025,1736,2747
2026,1746,2747
2027,1732,2747
2028,1645,2604
2029,1667,2659
2030,1740,2747
2031,1736,2747
2032,1640,2604
2033,1721,2747
2034,1669,2659
2035,1664,2659
2036,1632,2604
2037,1639,2604
2038,1738,2747
2039,1729,2747
2040,1721,2747
2041,1580,2525
2042,1729,2747
2043,1658,2659
2044,1645,2604
2045,1658,2604
2046,1743,2747
2047,1658,2659
2048,1632,2604
2049,1621,2576
2050,1727,2747
2051,1724,2747
2052,1069,1690
2053,1660,2659
2054,1623,2604
2055,1721,2747
2056,1724,2747
2057,1750,2747
2058,1670,2604
2059,1631,2603
2060,1716,2747
2061,1746,2747
2062,1035,1636
2063,1063,1685
2064,1023,1632
2065,1051,1684
2066,1018,1630
2067,1018,1630
2068,1023,1632
2069,1639,2604
2070,1632,2604
2071,1716,2747
2072,1023,1632
2073,1688,2659
2074,1746,2747
2075,1738,2747
2076,1647,2604
2077,1658,2659
2078,1625,2603
2079,1746,2747
2080,1647,2604
2081,1729,2747
2082,1640,2604
2083,1794,2747
2084,1848,2840
2085,1007,1606
2086,1713,2747
2087,1752,2747
2088,1040,1635
2089,1007,1601
2090,1721,2747
2091,1752,2747
2092,1738,2747
2093,1661,2659
2094,1623,2604
2095,1663,2659
2096,1664,2659
2097,1752,2747
2098,1740,2747
2099,1736,2747
2100,1724,2747
2101,1674,2659
2102,1640,2604
2103,1713,2747
2104,1653,2659
2105,1680,2659
2106,1650,2604
2107,1574,2525
2108,1716,2747
2109,1630,2604
2110,1658,2659
2111,1736,2747
2112,1640,2604
2113,1730,2747
2114,1639,2604
2115,1738,2747
2116,1653,2604
2117,1590,2525
2118,1639,2604
2119,2602,4094
2120,1640,2604
2121,1627,2604
2122,1698,2688
2123,1626,2604
2124,1630,2604
2125,1639,2604
2126,1057,1672
2127,1029,1635
2128,1640,2604
2129,1701,2688
2130,961,1510
2131,1738,2747
2132,1069,1690
2133,1057,1666
2134,1740,2747
2135,2714,4229
2136,1711,2688
2137,2084,3289
2138,1946,3086
2139,2075,3289
2140,2088,3289
2141,2081,3289
2142,933,1477
2143,2101,3289
2144,947,1482
2145,2053,3289
2146,933,1496
2147,2090,3289
2148,2098,3289
2149,2101,3289
2150,2110,3289
2151,2110,3289
2152,2118,3289
2153,2081,3289
2154,2090,3289
2155,3653,5819
2156,2090,3289
2157,2078,3289
2158,2084,3289
2159,2072,3289
2160,2081,3289
2161,2107,3289
2162,2111,3289
2163,2101,3289
2164,2101,3289
2165,2084,3289
2166,2092,3289
2167,2090,3289
2168,2081,3289
2169,3275,5206
2170,2072,3289
2171,1992,3164
2172,2092,3289
2173,2078,3289
2174,1944,3086
2175,2061,3289
2176,1937,3086
2177,2092,3289
2178,2101,3289
2179,2081,3289
2180,2078,3289
2181,2078,3289
2182,1932,3086
2183,2084,3289
2184,2072,3289
2185,2081,3289
2186,2081,3289
2187,2051,3289
2188,1934,3086
2189,1973,3164
2190,2055,3289
2191,2103,3289
2192,2090,3289
2193,2638,4151
2194,1091,1709
2195,1091,1717
2196,1085,1710
2197,1079,1689
2198,2676,4166
2199,1098,1716
2200,1091,1716
2201,1079,1713
2202,1091,1717
2203,1061,1661
2204,1130,1777
2205,2602,4035
2206,1130,1755
2207,1085,1713
2208,1091,1717
2209,1085,1717
2210,1091,1717
2211,1130,1744
2212,1098,1709
2213,2638,4143
2214,2753,4314
2215,1067,1647
2217,1073,1655
2218,1085,1674
2219,1104,1710
2220,2676,4153
2221,1900,2977
2222,1111,1729
2223,1091,1709
2224,1900,2970
2225,2264,3577
2226,2202,3542
2227,1661,2604
2228,1663,2604
2229,1762,2747
2230,1724,2688
2231,1762,2747
2232,1670,2604
2233,1757,2747
2234,1725,2688
2235,1769,2747
2236,1765,2747
2237,1747,2747
2238,1661,2604
2239,1661,2604
2241,1757,2747
2242,1722,2688
2243,1749,2747
2244,1656,2604
2245,1668,2604
2246,1656,2604
2247,1769,2747
2248,1724,2688
2249,1730,2747
2250,1647,2604
2251,1809,2840
2252,1717,2688
2253,1653,2604
2254,1724,2688
2255,1670,2604
2256,1708,2688
2257,1665,2604
2258,1657,2603
2259,1715,2688
2260,1667,2603
2261,1769,2747
2262,1762,2747
2263,2794,4332
2265,1779,2747
2266,1779,2747
2267,1781,2747
2268,1763,2747
2269,1749,2747
2270,1757,2747
2271,1696,2659
2272,1754,2747
2273,1771,2747
2274,1760,2747
2275,1805,2839
2276,1768,2746
2277,1754,2747
2278,1760,2747
2279,1769,2747
2280,1717,2659
2281,1775,2747
2282,1770,2746
2283,1712,2659
2284,1779,2747
2285,1717,2659
2286,959,1504
2287,995,1546
2288,1763,2747
2289,1754,2747
2290,1753,2746
2291,1769,2747
2292,1773,2747
2293,1762,2747
2294,1712,2659
2295,1701,2659
2296,1757,2747
2297,1775,2746
2298,1792,2747
2299,1771,2747
2300,1773,2747
2301,1762,2747
2302,1743,2747
2303,1762,2747
2304,1706,2658
2305,1691,2659
2306,1743,2747
2307,1812,2840
2308,1731,2688
2309,1663,2658
2310,1724,2747
2311,1787,2747
2312,995,1536
2313,1760,2747
2314,1747,2747
2315,1752,2747
2316,1760,2747
2317,1680,2659
2318,979,1551
2319,1746,2747
2320,1647,2604
2321,959,1510
2322,1746,2747
2323,1754,2747
2324,1745,2746
2325,1738,2747
2326,1747,2747
2328,1757,2747
2329,979,1538
2330,1746,2746
2331,1706,2658
2332,979,1549
2333,1738,2747
2334,1747,2747
2335,1730,2747
2336,1745,2746
2337,892,1422
2338,871,1384
2339,2278,3623
2340,2202,3542
